id,title,abstract,year
1,Deep Neural Networks for Image Classification,"We propose a deep neural network architecture for large scale image classification. The model uses convolutional layers, pooling, and regularization to improve accuracy on benchmark datasets. Experiments demonstrate that deeper models with careful optimization achieve state-of-the-art performance on object recognition tasks.",2016
2,Convolutional Architectures for Medical Imaging,"This work explores convolutional architectures for analyzing medical imaging data such as MRI and CT scans. We study different kernel sizes and depth, and report improved detection of tumors and lesions. Results indicate that domain-specific data augmentation leads to better generalization.",2016
3,Transfer Learning in Computer Vision,"We investigate transfer learning techniques in computer vision, focusing on fine-tuning pre-trained models for new tasks. Our experiments on object detection and segmentation suggest that reusing learned representations significantly reduces training time while maintaining strong performance.",2016
4,Graph Convolutional Networks for Social Networks,"We introduce a graph convolutional network for node classification in social networks. The method aggregates information from local neighborhoods to learn expressive node embeddings. Evaluations on several benchmark graphs show improved accuracy over traditional graph-based classifiers.",2017
5,Embedding Learning for Recommender Systems,"This paper presents an embedding-based approach for recommender systems. User and item vectors are learned jointly using interaction data. The proposed framework achieves higher recommendation accuracy compared to matrix factorization baselines on multiple datasets.",2017
6,Attention Mechanisms in Natural Language Processing,"We study attention mechanisms for natural language processing tasks including machine translation and summarization. The attention module learns to focus on relevant words and phrases during decoding. Experiments reveal that attention improves both translation quality and interpretability of the models.",2017
7,Explainable Machine Learning for Healthcare,"We propose simple and interpretable machine learning models for healthcare prediction tasks. The approach emphasizes transparency by using rule-based and linear models with sparse features. Case studies on hospital readmission and mortality prediction show that clinicians can understand and trust the model outputs.",2018
8,Interpretable Models for Credit Risk,"This work develops interpretable models for credit risk assessment using tabular financial data. We compare decision trees, linear models, and monotonic constraints to balance accuracy and transparency. Results indicate that carefully regularized linear models can match black-box performance while remaining understandable.",2018
9,Ethical Considerations in AI Systems,"We discuss ethical considerations in the design and deployment of artificial intelligence systems. The paper reviews issues related to fairness, accountability, and transparency, and proposes practical guidelines for responsible AI development. Examples from hiring, lending, and healthcare illustrate the challenges.",2018
10,Topic Evolution in Scientific Literature,"We analyze topic evolution in scientific literature using term frequency statistics and clustering. The study tracks how research themes emerge, grow, and decline over a decade of publications. Results highlight the shift from shallow models to deep learning and the rise of interpretability and fairness.",2019
11,Trends in Deep Learning Optimization,"This paper surveys optimization techniques for deep learning, including adaptive gradient methods, normalization strategies, and regularization. We summarize empirical findings and identify open challenges related to generalization and robustness. The analysis shows a trend towards simpler optimizers with careful tuning.",2019
12,From Black-Box Models to Transparency,"We examine the transition from black-box predictive models to more transparent approaches in several application domains. Through case studies, we show how interpretability requirements influence model choice and evaluation criteria. Our findings suggest increasing demand for explainable and accountable AI systems.",2019
13,Large-Scale Language Models for Text Generation,"We explore large-scale language models for open-ended text generation. The models are trained on diverse corpora and evaluated on coherence, diversity, and controllability. Results demonstrate substantial improvements over previous generation methods, but also raise concerns about bias and misuse.",2020
14,Detection of Misinformation in Online Platforms,"This study investigates methods for detecting misinformation in social media and news platforms. We compare manual feature engineering with automated text representations for classification. The experiments show that combining content signals with user behavior improves detection performance.",2020
15,Shifts in Research Focus: From Accuracy to Responsibility,"We analyze shifts in machine learning research focus from pure accuracy improvements to reliability, robustness, and responsibility. Using keyword trends and citation patterns, we identify growing attention to fairness, interpretability, and safety. The results suggest a long-term evolution towards responsible AI practices.",2020
